Workbook

Sheet 2022 (2)
A1: Pick | B1: Team | C1: " | E1: IF [Owner]= | F1: then | G1: ELSEIF [Owner]=
A2: 1 | B2: Robert Flacco | D2: =CONCAT($C$1,$B2,$C$1, " ") -> #N/A | E2: =CONCAT($E$1,$D2,$F$1,$C$1,$A2,$C$1) -> #N/A
A3: 2 | B3: Dante Cambria | D3: =CONCAT($C$1,$B3,$C$1, " ") -> #N/A | E3: =CONCAT($G$1,$D3,$F$1,$C$1,$A3,$C$1) -> #N/A
A4: 3 | B4: Anthony DellaPia | D4: =CONCAT($C$1,$B4,$C$1, " ") -> #N/A | E4: =CONCAT($G$1,$D4,$F$1,$C$1,$A4,$C$1) -> #N/A
A5: 4 | B5: Nolan Lawrence | C5: Vincent Gatta | D5: =CONCAT($C$1,$B5,$C$1, " ") -> #N/A | E5: =CONCAT($G$1,$D5,$F$1,$C$1,$A5,$C$1) -> #N/A
A6: 5 | B6: Ron Malandro | D6: =CONCAT($C$1,$B6,$C$1, " ") -> #N/A | E6: =CONCAT($G$1,$D6,$F$1,$C$1,$A6,$C$1) -> #N/A
A7: 6 | B7: Julian Podagrasi | D7: =CONCAT($C$1,$B7,$C$1, " ") -> #N/A | E7: =CONCAT($G$1,$D7,$F$1,$C$1,$A7,$C$1) -> #N/A
A8: 7 | B8: Rich Nolfi | D8: =CONCAT($C$1,$B8,$C$1, " ") -> #N/A | E8: =CONCAT($G$1,$D8,$F$1,$C$1,$A8,$C$1) -> #N/A
A9: 8 | B9: John Juliano | D9: =CONCAT($C$1,$B9,$C$1, " ") -> #N/A | E9: =CONCAT($G$1,$D9,$F$1,$C$1,$A9,$C$1) -> #N/A
A10: 9 | B10: Michael Pungitore | D10: =CONCAT($C$1,$B10,$C$1, " ") -> #N/A | E10: =CONCAT($G$1,$D10,$F$1,$C$1,$A10,$C$1) -> #N/A
A11: 10 | B11: Chris Juliano | D11: =CONCAT($C$1,$B11,$C$1, " ") -> #N/A | E11: =CONCAT($G$1,$D11,$F$1,$C$1,$A11,$C$1) -> #N/A
A12: 11 | B12: Phil Baldino | D12: =CONCAT($C$1,$B12,$C$1, " ") -> #N/A | E12: =CONCAT($G$1,$D12,$F$1,$C$1,$A12,$C$1) -> #N/A
A13: 12 | B13: Joseph Biancanello | D13: =CONCAT($C$1,$B13,$C$1, " ") -> #N/A | E13: =CONCAT($G$1,$D13,$F$1,$C$1,$A13,$C$1) -> #N/A

Sheet 2022
A1: Pick | B1: Team
A2: 1 | B2: Robert Flacco
A3: 2 | B3: Dante Cambria
A4: 3 | B4: Anthony DellaPia
A5: 4 | B5: Nolan Lawrence
A6: 5 | B6: Ron Malandro
A7: 6 | B7: Julian Podagrasi
A8: 7 | B8: Rich Nolfi
A9: 8 | B9: John Juliano
A10: 9 | B10: Michael Pungitore
A11: 10 | B11: Chris Juliano
A12: 11 | B12: Phil Baldino
A13: 12 | B13: Joseph Biancanello

Sheet TeamOwners
A1: Year | B1: Team | C1: Owner | D1: Standings | I1: Team | J1: Owner
A2: 2021 | B2: Rob and Bo* | C2: Robert Flacco | D2: 1 | I2: Anthony & Ernie | J2: Anthony DellaPia
A3: 2021 | B3: Rondro Enterprise | C3: Ron Malandro | D3: 2 | I3: DellaPia | J3: Anthony DellaPia
A4: 2021 | B4: Dynasty | C4: Phil Baldino | D4: 3 | I4: There Is A Godwin! | J4: Anthony DellaPia
A5: 2021 | B5: The ItAlvin Stallion’s | C5: Michael Pungitore | D5: 4 | I5: Two Mannings One Cup | J5: Anthony DellaPia
A6: 2021 | B6: The Tone Rangers | C6: John Juliano | D6: 5 | I6: LFTLR | J6: Blaze DiGregorio
A7: 2021 | B7: Dom and Chris | C7: Chris Juliano | D7: 6 | I7: Dom and Chris | J7: Chris Juliano
A8: 2021 | B8: Deshaun’s Happy Endings | C8: Nolan Lawrence | D8: 7 | I8: Dom and Chris* | J8: Chris Juliano
A9: 2021 | B9: DellaPia | C9: Anthony DellaPia | D9: 8 | I9: Brady Bunch | J9: Dante Cambria
A10: 2021 | B10: Ying Yang Twins | C10: Julian Podagrasi | D10: 9 | I10: LegionOfZoom | J10: Dante Cambria
A11: 2021 | B11: Quadzillas Killas | C11: Dante Cambria | D11: 10 | I11: Quadzillas Killas | J11: Dante Cambria
A12: 2021 | B12: Bishop Sycamore HS | C12: Rich Nolfi | D12: 11 | I12: Team JoeBa | J12: Joseph Biancanello
A13: 2021 | B13: Team JoeBa | C13: Joseph Biancanello | D13: 12 | I13: Ying Yang Twins | J13: Julian Podagrasi
... A37: 2019 | B37: LFTLR | C37: Blaze DiGregorio | D37: 12 | I37: Zeke’s Freaks* | J37: Dante Cambria
A38: 2018 | B38: Dynasty* | C38: Phil Baldino | D38: 1
A39: 2018 | B39: Ying Yang Twins | C39: Julian Podagrasi | D39: 2
A40: 2018 | B40: OJ's Parole Board | C40: Nolan Lawrence | D40: 3
A41: 2018 | B41: ScoobyDrewCrew | C41: Dante Cambria | D41: 4
A42: 2018 | B42: Rob and Bo | C42: Robert Flacco | D42: 5
A43: 2018 | B43: Dom and Chris | C43: Chris Juliano | D43: 6
A44: 2018 | B44: Prestige WorldWide | C44: Michael Pungitore | D44: 7
A45: 2018 | B45: LFTLR | C45: Blaze DiGregorio | D45: 8
A46: 2018 | B46: LEFTY & LONG | C46: Rich Nolfi | D46: 9
A47: 2018 | B47: Team JoeBa | C47: Joseph Biancanello | D47: 10
A48: 2018 | B48: Anthony & Ernie | C48: Anthony DellaPia | D48: 11
A49: 2018 | B49: Rondro Enterprise | C49: Ron Malandro | D49: 12
... A73: 2016 | B73: LegionOfZoom | C73: Dante Cambria | D73: 12

Sheet Sheet2
J3: Playoff or Not | K3: Playoff Team
J5: Count of Position | K5: Column Labels
J6: Row Labels | K6: DEF | L6: K | M6: QB | N6: RB | O6: TE | P6: WR | Q6: Grand Total | S6: Rd | T6: DEF | U6: K | V6: QB | W6: RB | X6: TE | Y6: WR | Z6: Grand Total
J7: 1 | N7: 21 | P7: 15 | Q7: 36 | S7: 1 | T7: =K7/$Z$7 -> 0 | U7: =L7/$Z$7 -> 0 | V7: =M7/$Z$7 -> 0 | W7: =N7/$Z$7 -> 0.58333333 | X7: =O7/$Z$7 -> 0 | Y7: =P7/$Z$7 -> 0.41666667 | Z7: 36
J8: 2 | M8: 3 | N8: 14 | O8: 3 | P8: 16 | Q8: 36 | S8: 2 | T8: =K8/$Z$7 -> 0 | U8: =L8/$Z$7 -> 0 | V8: =M8/$Z$7 -> 0.083333333 | W8: =N8/$Z$7 -> 0.38888889 | X8: =O8/$Z$7 -> 0.083333333 | Y8: =P8/$Z$7 -> 0.44444444 | Z8: 36
J9: 3 | M9: 5 | N9: 13 | O9: 6 | P9: 12 | Q9: 36 | S9: 3 | T9: =K9/$Z$7 -> 0 | U9: =L9/$Z$7 -> 0 | V9: =M9/$Z$7 -> 0.13888889 | W9: =N9/$Z$7 -> 0.36111111 | X9: =O9/$Z$7 -> 0.16666667 | Y9: =P9/$Z$7 -> 0.33333333 | Z9: 36
J10: 4 | M10: 2 | N10: 10 | O10: 3 | P10: 21 | Q10: 36 | S10: 4 | T10: =K10/$Z$7 -> 0 | U10: =L10/$Z$7 -> 0 | V10: =M10/$Z$7 -> 0.055555556 | W10: =N10/$Z$7 -> 0.27777778 | X10: =O10/$Z$7 -> 0.083333333 | Y10: =P10/$Z$7 -> 0.58333333 | Z10: 36
J11: 5 | M11: 3 | N11: 13 | O11: 2 | P11: 18 | Q11: 36 | S11: 5 | T11: =K11/$Z$7 -> 0 | U11: =L11/$Z$7 -> 0 | V11: =M11/$Z$7 -> 0.083333333 | W11: =N11/$Z$7 -> 0.36111111 | X11: =O11/$Z$7 -> 0.055555556 | Y11: =P11/$Z$7 -> 0.5 | Z11: 36
J12: 6 | M12: 6 | N12: 12 | O12: 3 | P12: 15 | Q12: 36 | S12: 6 | T12: =K12/$Z$7 -> 0 | U12: =L12/$Z$7 -> 0 | V12: =M12/$Z$7 -> 0.16666667 | W12: =N12/$Z$7 -> 0.33333333 | X12: =O12/$Z$7 -> 0.083333333 | Y12: =P12/$Z$7 -> 0.41666667 | Z12: 36
J13: 7 | M13: 4 | N13: 10 | O13: 8 | P13: 14 | Q13: 36 | S13: 7 | T13: =K13/$Z$7 -> 0 | U13: =L13/$Z$7 -> 0 | V13: =M13/$Z$7 -> 0.11111111 | W13: =N13/$Z$7 -> 0.27777778 | X13: =O13/$Z$7 -> 0.22222222 | Y13: =P13/$Z$7 -> 0.38888889 | Z13: 36
J14: 8 | K14: 4 | M14: 6 | N14: 14 | O14: 2 | P14: 10 | Q14: 36 | S14: 8 | T14: =K14/$Z$7 -> 0.11111111 | U14: =L14/$Z$7 -> 0 | V14: =M14/$Z$7 -> 0.16666667 | W14: =N14/$Z$7 -> 0.38888889 | X14: =O14/$Z$7 -> 0.055555556 | Y14: =P14/$Z$7 -> 0.27777778 | Z14: 36
J15: 9 | K15: 5 | L15: 1 | M15: 5 | N15: 8 | O15: 3 | P15: 14 | Q15: 36 | S15: 9 | T15: =K15/$Z$7 -> 0.13888889 | U15: =L15/$Z$7 -> 0.027777778 | V15: =M15/$Z$7 -> 0.13888889 | W15: =N15/$Z$7 -> 0.22222222 | X15: =O15/$Z$7 -> 0.083333333 | Y15: =P15/$Z$7 -> 0.38888889 | Z15: 36
J16: 10 | K16: 5 | L16: 2 | M16: 3 | N16: 9 | O16: 9 | P16: 8 | Q16: 36 | S16: 10 | T16: =K16/$Z$7 -> 0.13888889 | U16: =L16/$Z$7 -> 0.055555556 | V16: =M16/$Z$7 -> 0.083333333 | W16: =N16/$Z$7 -> 0.25 | X16: =O16/$Z$7 -> 0.25 | Y16: =P16/$Z$7 -> 0.22222222 | Z16: 36
J17: 11 | K17: 4 | L17: 5 | M17: 2 | N17: 10 | O17: 3 | P17: 12 | Q17: 36 | S17: 11 | T17: =K17/$Z$7 -> 0.11111111 | U17: =L17/$Z$7 -> 0.13888889 | V17: =M17/$Z$7 -> 0.055555556 | W17: =N17/$Z$7 -> 0.27777778 | X17: =O17/$Z$7 -> 0.083333333 | Y17: =P17/$Z$7 -> 0.33333333 | Z17: 36
J18: 12 | K18: 8 | L18: 6 | M18: 6 | N18: 7 | O18: 2 | P18: 7 | Q18: 36 | S18: 12 | T18: =K18/$Z$7 -> 0.22222222 | U18: =L18/$Z$7 -> 0.16666667 | V18: =M18/$Z$7 -> 0.16666667 | W18: =N18/$Z$7 -> 0.19444444 | X18: =O18/$Z$7 -> 0.055555556 | Y18: =P18/$Z$7 -> 0.19444444 | Z18: 36
J19: 13 | K19: 3 | L19: 4 | M19: 5 | N19: 11 | O19: 5 | P19: 8 | Q19: 36 | S19: 13 | T19: =K19/$Z$7 -> 0.083333333 | U19: =L19/$Z$7 -> 0.11111111 | V19: =M19/$Z$7 -> 0.13888889 | W19: =N19/$Z$7 -> 0.30555556 | X19: =O19/$Z$7 -> 0.13888889 | Y19: =P19/$Z$7 -> 0.22222222 | Z19: 36
J20: 14 | K20: 6 | L20: 6 | M20: 5 | N20: 4 | O20: 2 | P20: 13 | Q20: 36 | S20: 14 | T20: =K20/$Z$7 -> 0.16666667 | U20: =L20/$Z$7 -> 0.16666667 | V20: =M20/$Z$7 -> 0.13888889 | W20: =N20/$Z$7 -> 0.11111111 | X20: =O20/$Z$7 -> 0.055555556 | Y20: =P20/$Z$7 -> 0.36111111 | Z20: 36
J21: 15 | K21: 3 | L21: 13 | M21: 2 | N21: 5 | O21: 9 | P21: 4 | Q21: 36 | S21: 15 | T21: =K21/$Z$7 -> 0.083333333 | U21: =L21/$Z$7 -> 0.36111111 | V21: =M21/$Z$7 -> 0.055555556 | W21: =N21/$Z$7 -> 0.13888889 | X21: =O21/$Z$7 -> 0.25 | Y21: =P21/$Z$7 -> 0.11111111 | Z21: 36
J22: Grand Total | K22: 38 | L22: 37 | M22: 57 | N22: 161 | O22: 60 | P22: 187 | Q22: 540
A30: Rd | B30: 1 | C30: 2 | D30: 3 | E30: 4 | F30: 5 | G30: 6 | H30: 7 | I30: 8 | J30: 9 | K30: 10 | L30: 11 | M30: 12 | N30: 13 | O30: 14 | P30: 15
A31: DEF | I31: 0.11111111 | J31: 0.13888889 | K31: 0.13888889 | L31: 0.11111111 | M31: 0.22222222 | N31: 0.083333333 | O31: 0.16666667 | P31: 0.083333333
A32: K | J32: 0.027777778 | K32: 0.055555556 | L32: 0.13888889 | M32: 0.16666667 | N32: 0.11111111 | O32: 0.16666667 | P32: 0.36111111
A33: QB | C33: 0.083333333 | D33: 0.13888889 | E33: 0.055555556 | F33: 0.083333333 | G33: 0.16666667 | H33: 0.11111111 | I33: 0.16666667 | J33: 0.13888889 | K33: 0.083333333 | L33: 0.055555556 | M33: 0.16666667 | N33: 0.13888889 | O33: 0.13888889 | P33: 0.055555556
A34: RB | B34: 0.58333333 | C34: 0.38888889 | D34: 0.36111111 | E34: 0.27777778 | F34: 0.36111111 | G34: 0.33333333 | H34: 0.27777778 | I34: 0.38888889 | J34: 0.22222222 | K34: 0.25 | L34: 0.27777778 | M34: 0.19444444 | N34: 0.30555556 | O34: 0.11111111 | P34: 0.13888889
A35: TE | C35: 0.083333333 | D35: 0.16666667 | E35: 0.083333333 | F35: 0.055555556 | G35: 0.083333333 | H35: 0.22222222 | I35: 0.055555556 | J35: 0.083333333 | K35: 0.25 | L35: 0.083333333 | M35: 0.055555556 | N35: 0.13888889 | O35: 0.055555556 | P35: 0.25
A36: WR | B36: 0.41666667 | C36: 0.44444444 | D36: 0.33333333 | E36: 0.58333333 | F36: 0.5 | G36: 0.41666667 | H36: 0.38888889 | I36: 0.27777778 | J36: 0.38888889 | K36: 0.22222222 | L36: 0.33333333 | M36: 0.19444444 | N36: 0.22222222 | O36: 0.36111111 | P36: 0.11111111

Sheet All (2)
A1: Year | B1: Team | C1: Owner | D1: Standings | E1: Playoff or Not | F1: Round | G1: Pick | H1: Player | I1: First | J1: Last | K1: Full Name | L1: Position
A2: 2021 | B2: Deshaun’s Happy Endings | C2: Nolan Lawrence | D2: 7 | E2: =IF($D2<7,"Playoff Team", "Non-Playoff Team") -> Non-Playoff Team | F2: 1 | G2: 1 | H2: Christian McCaffrey | I2: =TRIM(SUBSTITUTE(LEFT($H2,(FIND(" ",$H2,1)-1)),".","")) -> Christian | J2: =TRIM(SUBSTITUTE(MID($H2,FIND(" ",$H2)+1,256),".","")) -> McCaffrey | K2: =TRIM(CONCAT($I2," ",IF(RIGHT($J2,2)="FA",SUBSTITUTE($J2,"FA",""),IF(RIGHT($J2,2)="Sr",SUBSTITUTE($J2,"Sr",""),IF(RIGHT($J2,2)="Jr",SUBSTITUTE($J2,"Jr",""),IF(RIGHT($J2,3)="III",SUBSTITUTE($J2,"III",""),IF(RIGHT($J2,2)="IV",SUBSTITUTE($J2,"IV",""),IF(RIGHT($J2,2)=" V",SUBSTITUTE($J2," V",""),IF(RIGHT($J2,3)=" II",SUBSTITUTE($J2," II",""),$J2))))))))) -> #N/A | L2: =IFERROR(VLOOKUP($K2,Players!$D:$E,2,FALSE),VLOOKUP($H2,Players!A:E,5,FALSE)) -> RB
A3: 2021 | B3: Deshaun’s Happy Endings | C3: Nolan Lawrence | D3: 7 | E3: =IF($D3<7,"Playoff Team", "Non-Playoff Team") -> Non-Playoff Team | F3: 2 | G3: 24 | H3: Clyde Edwards-Helaire | I3: =TRIM(SUBSTITUTE(LEFT($H3,(FIND(" ",$H3,1)-1)),".","")) -> Clyde | J3: =TRIM(SUBSTITUTE(MID($H3,FIND(" ",$H3)+1,256),".","")) -> Edwards-Helaire | K3: =TRIM(CONCAT($I3," ",IF(RIGHT($J3,2)="FA",SUBSTITUTE($J3,"FA",""),IF(RIGHT($J3,2)="Sr",SUBSTITUTE($J3,"Sr",""),IF(RIGHT($J3,2)="Jr",SUBSTITUTE($J3,"Jr",""),IF(RIGHT($J3,3)="III",SUBSTITUTE($J3,"III",""),IF(RIGHT($J3,2)="IV",SUBSTITUTE($J3,"IV",""),IF(RIGHT($J3,2)=" V",SUBSTITUTE($J3," V",""),IF(RIGHT($J3,3)=" II",SUBSTITUTE($J3," II",""),$J3))))))))) -> #N/A | L3: =IFERROR(VLOOKUP($K3,Players!$D:$E,2,FALSE),VLOOKUP($H3,Players!A:E,5,FALSE)) -> RB
A4: 2021 | B4: Deshaun’s Happy Endings | C4: Nolan Lawrence | D4: 7 | E4: =IF($D4<7,"Playoff Team", "Non-Playoff Team") -> Non-Playoff Team | F4: 3 | G4: 25 | H4: Keenan Allen | I4: =TRIM(SUBSTITUTE(LEFT($H4,(FIND(" ",$H4,1)-1)),".","")) -> Keenan | J4: =TRIM(SUBSTITUTE(MID($H4,FIND(" ",$H4)+1,256),".","")) -> Allen | K4: =TRIM(CONCAT($I4," ",IF(RIGHT($J4,2)="FA",SUBSTITUTE($J4,"FA",""),IF(RIGHT($J4,2)="Sr",SUBSTITUTE($J4,"Sr",""),IF(RIGHT($J4,2)="Jr",SUBSTITUTE($J4,"Jr",""),IF(RIGHT($J4,3)="III",SUBSTITUTE($J4,"III",""),IF(RIGHT($J4,2)="IV",SUBSTITUTE($J4,"IV",""),IF(RIGHT($J4,2)=" V",SUBSTITUTE($J4," V",""),IF(RIGHT($J4,3)=" II",SUBSTITUTE($J4," II",""),$J4))))))))) -> #N/A | L4: =IFERROR(VLOOKUP($K4,Players!$D:$E,2,FALSE),VLOOKUP($H4,Players!A:E,5,FALSE)) -> WR
A5: 2021 | B5: Deshaun’s Happy Endings | C5: Nolan Lawrence | D5: 7 | E5: =IF($D5<7,"Playoff Team", "Non-Playoff Team") -> Non-Playoff Team | F5: 4 | G5: 48 | H5: Mark Andrews | I5: =TRIM(SUBSTITUTE(LEFT($H5,(FIND(" ",$H5,1)-1)),".","")) -> Mark | J5: =TRIM(SUBSTITUTE(MID($H5,FIND(" ",$H5)+1,256),".","")) -> Andrews | K5: =TRIM(CONCAT($I5," ",IF(RIGHT($J5,2)="FA",SUBSTITUTE($J5,"FA",""),IF(RIGHT($J5,2)="Sr",SUBSTITUTE($J5,"Sr",""),IF(RIGHT($J5,2)="Jr",SUBSTITUTE($J5,"Jr",""),IF(RIGHT($J5,3)="III",SUBSTITUTE($J5,"III",""),IF(RIGHT($J5,2)="IV",SUBSTITUTE($J5,"IV",""),IF(RIGHT($J5,2)=" V",SUBSTITUTE($J5," V",""),IF(RIGHT($J5,3)=" II",SUBSTITUTE($J5," II",""),$J5))))))))) -> #N/A | L5: =IFERROR(VLOOKUP($K5,Players!$D:$E,2,FALSE),VLOOKUP($H5,Players!A:E,5,FALSE)) -> TE
A6: 2021 | B6: Deshaun’s Happy Endings | C6: Nolan Lawrence | D6: 7 | E6: =IF($D6<7,"Playoff Team", "Non-Playoff Team") -> Non-Playoff Team | F6: 5 | G6: 49 | H6: Diontae Johnson | I6: =TRIM(SUBSTITUTE(LEFT($H6,(FIND(" ",$H6,1)-1)),".","")) -> Diontae | J6: =TRIM(SUBSTITUTE(MID($H6,FIND(" ",$H6)+1,256),".","")) -> Johnson | K6: =TRIM(CONCAT($I6," ",IF(RIGHT($J6,2)="FA",SUBSTITUTE($J6,"FA",""),IF(RIGHT($J6,2)="Sr",SUBSTITUTE($J6,"Sr",""),IF(RIGHT($J6,2)="Jr",SUBSTITUTE($J6,"Jr",""),IF(RIGHT($J6,3)="III",SUBSTITUTE($J6,"III",""),IF(RIGHT($J6,2)="IV",SUBSTITUTE($J6,"IV",""),IF(RIGHT($J6,2)=" V",SUBSTITUTE($J6," V",""),IF(RIGHT($J6,3)=" II",SUBSTITUTE($J6," II",""),$J6))))))))) -> #N/A | L6: =IFERROR(VLOOKUP($K6,Players!$D:$E,2,FALSE),VLOOKUP($H6,Players!A:E,5,FALSE)) -> WR
A7: 2021 | B7: Deshaun’s Happy Endings | C7: Nolan Lawrence | D7: 7 | E7: =IF($D7<7,"Playoff Team", "Non-Playoff Team") -> Non-Playoff Team | F7: 6 | G7: 72 | H7: Jalen Hurts | I7: =TRIM(SUBSTITUTE(LEFT($H7,(FIND(" ",$H7,1)-1)),".","")) -> Jalen | J7: =TRIM(SUBSTITUTE(MID($H7,FIND(" ",$H7)+1,256),".","")) -> Hurts | K7: =TRIM(CONCAT($I7," ",IF(RIGHT($J7,2)="FA",SUBSTITUTE($J7,"FA",""),IF(RIGHT($J7,2)="Sr",SUBSTITUTE($J7,"Sr",""),IF(RIGHT($J7,2)="Jr",SUBSTITUTE($J7,"Jr",""),IF(RIGHT($J7,3)="III",SUBSTITUTE($J7,"III",""),IF(RIGHT($J7,2)="IV",SUBSTITUTE($J7,"IV",""),IF(RIGHT($J7,2)=" V",SUBSTITUTE($J7," V",""),IF(RIGHT($J7,3)=" II",SUBSTITUTE($J7," II",""),$J7))))))))) -> #N/A | L7: =IFERROR(VLOOKUP($K7,Players!$D:$E,2,FALSE),VLOOKUP($H7,Players!A:E,5,FALSE)) -> QB
A8: 2021 | B8: Deshaun’s Happy Endings | C8: Nolan Lawrence | D8: 7 | E8: =IF($D8<7,"Playoff Team", "Non-Playoff Team") -> Non-Playoff Team | F8: 7 | G8: 73 | H8: Jerry Jeudy | I8: =TRIM(SUBSTITUTE(LEFT($H8,(FIND(" ",$H8,1)-1)),".","")) -> Jerry | J8: =TRIM(SUBSTITUTE(MID($H8,FIND(" ",$H8)+1,256),".","")) -> Jeudy | K8: =TRIM(CONCAT($I8," ",IF(RIGHT($J8,2)="FA",SUBSTITUTE($J8,"FA",""),IF(RIGHT($J8,2)="Sr",SUBSTITUTE($J8,"Sr",""),IF(RIGHT($J8,2)="Jr",SUBSTITUTE($J8,"Jr",""),IF(RIGHT($J8,3)="III",SUBSTITUTE($J8,"III",""),IF(RIGHT($J8,2)="IV",SUBSTITUTE($J8,"IV",""),IF(RIGHT($J8,2)=" V",SUBSTITUTE($J8," V",""),IF(RIGHT($J8,3)=" II",SUBSTITUTE($J8," II",""),$J8))))))))) -> #N/A | L8: =IFERROR(VLOOKUP($K8,Players!$D:$E,2,FALSE),VLOOKUP($H8,Players!A:E,5,FALSE)) -> WR
A9: 2021 | B9: Deshaun’s Happy Endings | C9: Nolan Lawrence | D9: 7 | E9: =IF($D9<7,"Playoff Team", "Non-Playoff Team") -> Non-Playoff Team | F9: 8 | G9: 96 | H9: James Conner | I9: =TRIM(SUBSTITUTE(LEFT($H9,(FIND(" ",$H9,1)-1)),".","")) -> James | J9: =TRIM(SUBSTITUTE(MID($H9,FIND(" ",$H9)+1,256),".","")) -> Conner | K9: =TRIM(CONCAT($I9," ",IF(RIGHT($J9,2)="FA",SUBSTITUTE($J9,"FA",""),IF(RIGHT($J9,2)="Sr",SUBSTITUTE($J9,"Sr",""),IF(RIGHT($J9,2)="Jr",SUBSTITUTE($J9,"Jr",""),IF(RIGHT($J9,3)="III",SUBSTITUTE($J9,"III",""),IF(RIGHT($J9,2)="IV",SUBSTITUTE($J9,"IV",""),IF(RIGHT($J9,2)=" V",SUBSTITUTE($J9," V",""),IF(RIGHT($J9,3)=" II",SUBSTITUTE($J9," II",""),$J9))))))))) -> #N/A | L9: =IFERROR(VLOOKUP($K9,Players!$D:$E,2,FALSE),VLOOKUP($H9,Players!A:E,5,FALSE)) -> RB
A10: 2021 | B10: Deshaun’s Happy Endings | C10: Nolan Lawrence | D10: 7 | E10: =IF($D10<7,"Playoff Team", "Non-Playoff Team") -> Non-Playoff Team | F10: 9 | G10: 97 | H10: DeVonta Smith | I10: =TRIM(SUBSTITUTE(LEFT($H10,(FIND(" ",$H10,1)-1)),".","")) -> DeVonta | J10: =TRIM(SUBSTITUTE(MID($H10,FIND(" ",$H10)+1,256),".","")) -> Smith | K10: =TRIM(CONCAT($I10," ",IF(RIGHT($J10,2)="FA",SUBSTITUTE($J10,"FA",""),IF(RIGHT($J10,2)="Sr",SUBSTITUTE($J10,"Sr",""),IF(RIGHT($J10,2)="Jr",SUBSTITUTE($J10,"Jr",""),IF(RIGHT($J10,3)="III",SUBSTITUTE($J10,"III",""),IF(RIGHT($J10,2)="IV",SUBSTITUTE($J10,"IV",""),IF(RIGHT($J10,2)=" V",SUBSTITUTE($J10," V",""),IF(RIGHT($J10,3)=" II",SUBSTITUTE($J10," II",""),$J10))))))))) -> #N/A | L10: =IFERROR(VLOOKUP($K10,Players!$D:$E,2,FALSE),VLOOKUP($H10,Players!A:E,5,FALSE)) -> WR
A11: 2021 | B11: Deshaun’s Happy Endings | C11: Nolan Lawrence | D11: 7 | E11: =IF($D11<7,"Playoff Team", "Non-Playoff Team") -> Non-Playoff Team | F11: 10 | G11: 120 | H11: Baltimore | I11: =TRIM(SUBSTITUTE(LEFT($H11,(FIND(" ",$H11,1)-1)),".","")) -> #VALUE! | J11: =TRIM(SUBSTITUTE(MID($H11,FIND(" ",$H11)+1,256),".","")) -> #VALUE! | K11: =TRIM(CONCAT($I11," ",IF(RIGHT($J11,2)="FA",SUBSTITUTE($J11,"FA",""),IF(RIGHT($J11,2)="Sr",SUBSTITUTE($J11,"Sr",""),IF(RIGHT($J11,2)="Jr",SUBSTITUTE($J11,"Jr",""),IF(RIGHT($J11,3)="III",SUBSTITUTE($J11,"III",""),IF(RIGHT($J11,2)="IV",SUBSTITUTE($J11,"IV",""),IF(RIGHT($J11,2)=" V",SUBSTITUTE($J11," V",""),IF(RIGHT($J11,3)=" II",SUBSTITUTE($J11," II",""),$J11))))))))) -> #N/A | L11: =IFERROR(VLOOKUP($K11,Players!$D:$E,2,FALSE),VLOOKUP($H11,Players!A:E,5,FALSE)) -> DEF
A12: 2021 | B12: Deshaun’s Happy Endings | C12: Nolan Lawrence | D12: 7 | E12: =IF($D12<7,"Playoff Team", "Non-Playoff Team") -> Non-Playoff Team | F12: 11 | G12: 121 | H12: Tony Pollard | I12: =TRIM(SUBSTITUTE(LEFT($H12,(FIND(" ",$H12,1)-1)),".","")) -> Tony | J12: =TRIM(SUBSTITUTE(MID($H12,FIND(" ",$H12)+1,256),".","")) -> Pollard | K12: =TRIM(CONCAT($I12," ",IF(RIGHT($J12,2)="FA",SUBSTITUTE($J12,"FA",""),IF(RIGHT($J12,2)="Sr",SUBSTITUTE($J12,"Sr",""),IF(RIGHT($J12,2)="Jr",SUBSTITUTE($J12,"Jr",""),IF(RIGHT($J12,3)="III",SUBSTITUTE($J12,"III",""),IF(RIGHT($J12,2)="IV",SUBSTITUTE($J12,"IV",""),IF(RIGHT($J12,2)=" V",SUBSTITUTE($J12," V",""),IF(RIGHT($J12,3)=" II",SUBSTITUTE($J12," II",""),$J12))))))))) -> #N/A | L12: =IFERROR(VLOOKUP($K12,Players!$D:$E,2,FALSE),VLOOKUP($H12,Players!A:E,5,FALSE)) -> RB
A13: 2021 | B13: Deshaun’s Happy Endings | C13: Nolan Lawrence | D13: 7 | E13: =IF($D13<7,"Playoff Team", "Non-Playoff Team") -> Non-Playoff Team | F13: 12 | G13: 144 | H13: Chuba Hubbard | I13: =TRIM(SUBSTITUTE(LEFT($H13,(FIND(" ",$H13,1)-1)),".","")) -> Chuba | J13: =TRIM(SUBSTITUTE(MID($H13,FIND(" ",$H13)+1,256),".","")) -> Hubbard | K13: =TRIM(CONCAT($I13," ",IF(RIGHT($J13,2)="FA",SUBSTITUTE($J13,"FA",""),IF(RIGHT($J13,2)="Sr",SUBSTITUTE($J13,"Sr",""),IF(RIGHT($J13,2)="Jr",SUBSTITUTE($J13,"Jr",""),IF(RIGHT($J13,3)="III",SUBSTITUTE($J13,"III",""),IF(RIGHT($J13,2)="IV",SUBSTITUTE($J13,"IV",""),IF(RIGHT($J13,2)=" V",SUBSTITUTE($J13," V",""),IF(RIGHT($J13,3)=" II",SUBSTITUTE($J13," II",""),$J13))))))))) -> #N/A | L13: =IFERROR(VLOOKUP($K13,Players!$D:$E,2,FALSE),VLOOKUP($H13,Players!A:E,5,FALSE)) -> RB
... A1080: 2016 | B1080: Ying Yang Twins | C1080: Julian Podagrasi | D1080: 7 | E1080: =IF($D1080<7,"Playoff Team", "Non-Playoff Team") -> Non-Playoff Team | F1080: 15 | G1080: 171 | H1080: New England | I1080: =TRIM(SUBSTITUTE(LEFT($H1080,(FIND(" ",$H1080,1)-1)),".","")) -> New | J1080: =TRIM(SUBSTITUTE(MID($H1080,FIND(" ",$H1080)+1,256),".","")) -> England | K1080: =TRIM(CONCAT($I1080," ",IF(RIGHT($J1080,2)="FA",SUBSTITUTE($J1080,"FA",""),IF(RIGHT($J1080,2)="Sr",SUBSTITUTE($J1080,"Sr",""),IF(RIGHT($J1080,2)="Jr",SUBSTITUTE($J1080,"Jr",""),IF(RIGHT($J1080,3)="III",SUBSTITUTE($J1080,"III",""),IF(RIGHT($J1080,2)="IV",SUBSTITUTE($J1080,"IV",""),IF(RIGHT($J1080,2)=" V",SUBSTITUTE($J1080," V",""),IF(RIGHT($J1080,3)=" II",SUBSTITUTE($J1080," II",""),$J1080))))))))) -> #N/A | L1080: =IFERROR(VLOOKUP($K1080,Players!$D:$E,2,FALSE),VLOOKUP($H1080,Players!A:E,5,FALSE)) -> DEF

Sheet All
A1: Year | B1: Team | C1: Owner | D1: Standings | E1: Round | F1: Pick | G1: Player | H1: First | I1: Last | J1: Full Name | K1: Position
A2: 2021 | B2: Deshaun’s Happy Endings | C2: Nolan Lawrence | D2: 7 | E2: 1 | F2: 1 | G2: Christian McCaffrey | H2: =TRIM(SUBSTITUTE(LEFT($G2,(FIND(" ",$G2,1)-1)),".","")) -> Christian | I2: =TRIM(SUBSTITUTE(MID($G2,FIND(" ",$G2)+1,256),".","")) -> McCaffrey | J2: =TRIM(CONCAT($H2," ",IF(RIGHT($I2,2)="FA",SUBSTITUTE($I2,"FA",""),IF(RIGHT($I2,2)="Sr",SUBSTITUTE($I2,"Sr",""),IF(RIGHT($I2,2)="Jr",SUBSTITUTE($I2,"Jr",""),IF(RIGHT($I2,3)="III",SUBSTITUTE($I2,"III",""),IF(RIGHT($I2,2)="IV",SUBSTITUTE($I2,"IV",""),IF(RIGHT($I2,2)=" V",SUBSTITUTE($I2," V",""),IF(RIGHT($I2,3)=" II",SUBSTITUTE($I2," II",""),$I2))))))))) -> #N/A | K2: =IFERROR(VLOOKUP($J2,Players!$D:$E,2,FALSE),VLOOKUP($G2,Players!A:E,5,FALSE)) -> RB
A3: 2021 | B3: Deshaun’s Happy Endings | C3: Nolan Lawrence | D3: 7 | E3: 2 | F3: 24 | G3: Clyde Edwards-Helaire | H3: =TRIM(SUBSTITUTE(LEFT($G3,(FIND(" ",$G3,1)-1)),".","")) -> Clyde | I3: =TRIM(SUBSTITUTE(MID($G3,FIND(" ",$G3)+1,256),".","")) -> Edwards-Helaire | J3: =TRIM(CONCAT($H3," ",IF(RIGHT($I3,2)="FA",SUBSTITUTE($I3,"FA",""),IF(RIGHT($I3,2)="Sr",SUBSTITUTE($I3,"Sr",""),IF(RIGHT($I3,2)="Jr",SUBSTITUTE($I3,"Jr",""),IF(RIGHT($I3,3)="III",SUBSTITUTE($I3,"III",""),IF(RIGHT($I3,2)="IV",SUBSTITUTE($I3,"IV",""),IF(RIGHT($I3,2)=" V",SUBSTITUTE($I3," V",""),IF(RIGHT($I3,3)=" II",SUBSTITUTE($I3," II",""),$I3))))))))) -> #N/A | K3: =IFERROR(VLOOKUP($J3,Players!$D:$E,2,FALSE),VLOOKUP($G3,Players!A:E,5,FALSE)) -> RB
A4: 2021 | B4: Deshaun’s Happy Endings | C4: Nolan Lawrence | D4: 7 | E4: 3 | F4: 25 | G4: Keenan Allen | H4: =TRIM(SUBSTITUTE(LEFT($G4,(FIND(" ",$G4,1)-1)),".","")) -> Keenan | I4: =TRIM(SUBSTITUTE(MID($G4,FIND(" ",$G4)+1,256),".","")) -> Allen | J4: =TRIM(CONCAT($H4," ",IF(RIGHT($I4,2)="FA",SUBSTITUTE($I4,"FA",""),IF(RIGHT($I4,2)="Sr",SUBSTITUTE($I4,"Sr",""),IF(RIGHT($I4,2)="Jr",SUBSTITUTE($I4,"Jr",""),IF(RIGHT($I4,3)="III",SUBSTITUTE($I4,"III",""),IF(RIGHT($I4,2)="IV",SUBSTITUTE($I4,"IV",""),IF(RIGHT($I4,2)=" V",SUBSTITUTE($I4," V",""),IF(RIGHT($I4,3)=" II",SUBSTITUTE($I4," II",""),$I4))))))))) -> #N/A | K4: =IFERROR(VLOOKUP($J4,Players!$D:$E,2,FALSE),VLOOKUP($G4,Players!A:E,5,FALSE)) -> WR
A5: 2021 | B5: Deshaun’s Happy Endings | C5: Nolan Lawrence | D5: 7 | E5: 4 | F5: 48 | G5: Mark Andrews | H5: =TRIM(SUBSTITUTE(LEFT($G5,(FIND(" ",$G5,1)-1)),".","")) -> Mark | I5: =TRIM(SUBSTITUTE(MID($G5,FIND(" ",$G5)+1,256),".","")) -> Andrews | J5: =TRIM(CONCAT($H5," ",IF(RIGHT($I5,2)="FA",SUBSTITUTE($I5,"FA",""),IF(RIGHT($I5,2)="Sr",SUBSTITUTE($I5,"Sr",""),IF(RIGHT($I5,2)="Jr",SUBSTITUTE($I5,"Jr",""),IF(RIGHT($I5,3)="III",SUBSTITUTE($I5,"III",""),IF(RIGHT($I5,2)="IV",SUBSTITUTE($I5,"IV",""),IF(RIGHT($I5,2)=" V",SUBSTITUTE($I5," V",""),IF(RIGHT($I5,3)=" II",SUBSTITUTE($I5," II",""),$I5))))))))) -> #N/A | K5: =IFERROR(VLOOKUP($J5,Players!$D:$E,2,FALSE),VLOOKUP($G5,Players!A:E,5,FALSE)) -> TE
A6: 2021 | B6: Deshaun’s Happy Endings | C6: Nolan Lawrence | D6: 7 | E6: 5 | F6: 49 | G6: Diontae Johnson | H6: =TRIM(SUBSTITUTE(LEFT($G6,(FIND(" ",$G6,1)-1)),".","")) -> Diontae | I6: =TRIM(SUBSTITUTE(MID($G6,FIND(" ",$G6)+1,256),".","")) -> Johnson | J6: =TRIM(CONCAT($H6," ",IF(RIGHT($I6,2)="FA",SUBSTITUTE($I6,"FA",""),IF(RIGHT($I6,2)="Sr",SUBSTITUTE($I6,"Sr",""),IF(RIGHT($I6,2)="Jr",SUBSTITUTE($I6,"Jr",""),IF(RIGHT($I6,3)="III",SUBSTITUTE($I6,"III",""),IF(RIGHT($I6,2)="IV",SUBSTITUTE($I6,"IV",""),IF(RIGHT($I6,2)=" V",SUBSTITUTE($I6," V",""),IF(RIGHT($I6,3)=" II",SUBSTITUTE($I6," II",""),$I6))))))))) -> #N/A | K6: =IFERROR(VLOOKUP($J6,Players!$D:$E,2,FALSE),VLOOKUP($G6,Players!A:E,5,FALSE)) -> WR
A7: 2021 | B7: Deshaun’s Happy Endings | C7: Nolan Lawrence | D7: 7 | E7: 6 | F7: 72 | G7: Jalen Hurts | H7: =TRIM(SUBSTITUTE(LEFT($G7,(FIND(" ",$G7,1)-1)),".","")) -> Jalen | I7: =TRIM(SUBSTITUTE(MID($G7,FIND(" ",$G7)+1,256),".","")) -> Hurts | J7: =TRIM(CONCAT($H7," ",IF(RIGHT($I7,2)="FA",SUBSTITUTE($I7,"FA",""),IF(RIGHT($I7,2)="Sr",SUBSTITUTE($I7,"Sr",""),IF(RIGHT($I7,2)="Jr",SUBSTITUTE($I7,"Jr",""),IF(RIGHT($I7,3)="III",SUBSTITUTE($I7,"III",""),IF(RIGHT($I7,2)="IV",SUBSTITUTE($I7,"IV",""),IF(RIGHT($I7,2)=" V",SUBSTITUTE($I7," V",""),IF(RIGHT($I7,3)=" II",SUBSTITUTE($I7," II",""),$I7))))))))) -> #N/A | K7: =IFERROR(VLOOKUP($J7,Players!$D:$E,2,FALSE),VLOOKUP($G7,Players!A:E,5,FALSE)) -> QB
A8: 2021 | B8: Deshaun’s Happy Endings | C8: Nolan Lawrence | D8: 7 | E8: 7 | F8: 73 | G8: Jerry Jeudy | H8: =TRIM(SUBSTITUTE(LEFT($G8,(FIND(" ",$G8,1)-1)),".","")) -> Jerry | I8: =TRIM(SUBSTITUTE(MID($G8,FIND(" ",$G8)+1,256),".","")) -> Jeudy | J8: =TRIM(CONCAT($H8," ",IF(RIGHT($I8,2)="FA",SUBSTITUTE($I8,"FA",""),IF(RIGHT($I8,2)="Sr",SUBSTITUTE($I8,"Sr",""),IF(RIGHT($I8,2)="Jr",SUBSTITUTE($I8,"Jr",""),IF(RIGHT($I8,3)="III",SUBSTITUTE($I8,"III",""),IF(RIGHT($I8,2)="IV",SUBSTITUTE($I8,"IV",""),IF(RIGHT($I8,2)=" V",SUBSTITUTE($I8," V",""),IF(RIGHT($I8,3)=" II",SUBSTITUTE($I8," II",""),$I8))))))))) -> #N/A | K8: =IFERROR(VLOOKUP($J8,Players!$D:$E,2,FALSE),VLOOKUP($G8,Players!A:E,5,FALSE)) -> WR
A9: 2021 | B9: Deshaun’s Happy Endings | C9: Nolan Lawrence | D9: 7 | E9: 8 | F9: 96 | G9: James Conner | H9: =TRIM(SUBSTITUTE(LEFT($G9,(FIND(" ",$G9,1)-1)),".","")) -> James | I9: =TRIM(SUBSTITUTE(MID($G9,FIND(" ",$G9)+1,256),".","")) -> Conner | J9: =TRIM(CONCAT($H9," ",IF(RIGHT($I9,2)="FA",SUBSTITUTE($I9,"FA",""),IF(RIGHT($I9,2)="Sr",SUBSTITUTE($I9,"Sr",""),IF(RIGHT($I9,2)="Jr",SUBSTITUTE($I9,"Jr",""),IF(RIGHT($I9,3)="III",SUBSTITUTE($I9,"III",""),IF(RIGHT($I9,2)="IV",SUBSTITUTE($I9,"IV",""),IF(RIGHT($I9,2)=" V",SUBSTITUTE($I9," V",""),IF(RIGHT($I9,3)=" II",SUBSTITUTE($I9," II",""),$I9))))))))) -> #N/A | K9: =IFERROR(VLOOKUP($J9,Players!$D:$E,2,FALSE),VLOOKUP($G9,Players!A:E,5,FALSE)) -> RB
A10: 2021 | B10: Deshaun’s Happy Endings | C10: Nolan Lawrence | D10: 7 | E10: 9 | F10: 97 | G10: DeVonta Smith | H10: =TRIM(SUBSTITUTE(LEFT($G10,(FIND(" ",$G10,1)-1)),".","")) -> DeVonta | I10: =TRIM(SUBSTITUTE(MID($G10,FIND(" ",$G10)+1,256),".","")) -> Smith | J10: =TRIM(CONCAT($H10," ",IF(RIGHT($I10,2)="FA",SUBSTITUTE($I10,"FA",""),IF(RIGHT($I10,2)="Sr",SUBSTITUTE($I10,"Sr",""),IF(RIGHT($I10,2)="Jr",SUBSTITUTE($I10,"Jr",""),IF(RIGHT($I10,3)="III",SUBSTITUTE($I10,"III",""),IF(RIGHT($I10,2)="IV",SUBSTITUTE($I10,"IV",""),IF(RIGHT($I10,2)=" V",SUBSTITUTE($I10," V",""),IF(RIGHT($I10,3)=" II",SUBSTITUTE($I10," II",""),$I10))))))))) -> #N/A | K10: =IFERROR(VLOOKUP($J10,Players!$D:$E,2,FALSE),VLOOKUP($G10,Players!A:E,5,FALSE)) -> WR
A11: 2021 | B11: Deshaun’s Happy Endings | C11: Nolan Lawrence | D11: 7 | E11: 10 | F11: 120 | G11: Baltimore | H11: =TRIM(SUBSTITUTE(LEFT($G11,(FIND(" ",$G11,1)-1)),".","")) -> #VALUE! | I11: =TRIM(SUBSTITUTE(MID($G11,FIND(" ",$G11)+1,256),".","")) -> #VALUE! | J11: =TRIM(CONCAT($H11," ",IF(RIGHT($I11,2)="FA",SUBSTITUTE($I11,"FA",""),IF(RIGHT($I11,2)="Sr",SUBSTITUTE($I11,"Sr",""),IF(RIGHT($I11,2)="Jr",SUBSTITUTE($I11,"Jr",""),IF(RIGHT($I11,3)="III",SUBSTITUTE($I11,"III",""),IF(RIGHT($I11,2)="IV",SUBSTITUTE($I11,"IV",""),IF(RIGHT($I11,2)=" V",SUBSTITUTE($I11," V",""),IF(RIGHT($I11,3)=" II",SUBSTITUTE($I11," II",""),$I11))))))))) -> #N/A | K11: =IFERROR(VLOOKUP($J11,Players!$D:$E,2,FALSE),VLOOKUP($G11,Players!A:E,5,FALSE)) -> DEF
A12: 2021 | B12: Deshaun’s Happy Endings | C12: Nolan Lawrence | D12: 7 | E12: 11 | F12: 121 | G12: Tony Pollard | H12: =TRIM(SUBSTITUTE(LEFT($G12,(FIND(" ",$G12,1)-1)),".","")) -> Tony | I12: =TRIM(SUBSTITUTE(MID($G12,FIND(" ",$G12)+1,256),".","")) -> Pollard | J12: =TRIM(CONCAT($H12," ",IF(RIGHT($I12,2)="FA",SUBSTITUTE($I12,"FA",""),IF(RIGHT($I12,2)="Sr",SUBSTITUTE($I12,"Sr",""),IF(RIGHT($I12,2)="Jr",SUBSTITUTE($I12,"Jr",""),IF(RIGHT($I12,3)="III",SUBSTITUTE($I12,"III",""),IF(RIGHT($I12,2)="IV",SUBSTITUTE($I12,"IV",""),IF(RIGHT($I12,2)=" V",SUBSTITUTE($I12," V",""),IF(RIGHT($I12,3)=" II",SUBSTITUTE($I12," II",""),$I12))))))))) -> #N/A | K12: =IFERROR(VLOOKUP($J12,Players!$D:$E,2,FALSE),VLOOKUP($G12,Players!A:E,5,FALSE)) -> RB
A13: 2021 | B13: Deshaun’s Happy Endings | C13: Nolan Lawrence | D13: 7 | E13: 12 | F13: 144 | G13: Chuba Hubbard | H13: =TRIM(SUBSTITUTE(LEFT($G13,(FIND(" ",$G13,1)-1)),".","")) -> Chuba | I13: =TRIM(SUBSTITUTE(MID($G13,FIND(" ",$G13)+1,256),".","")) -> Hubbard | J13: =TRIM(CONCAT($H13," ",IF(RIGHT($I13,2)="FA",SUBSTITUTE($I13,"FA",""),IF(RIGHT($I13,2)="Sr",SUBSTITUTE($I13,"Sr",""),IF(RIGHT($I13,2)="Jr",SUBSTITUTE($I13,"Jr",""),IF(RIGHT($I13,3)="III",SUBSTITUTE($I13,"III",""),IF(RIGHT($I13,2)="IV",SUBSTITUTE($I13,"IV",""),IF(RIGHT($I13,2)=" V",SUBSTITUTE($I13," V",""),IF(RIGHT($I13,3)=" II",SUBSTITUTE($I13," II",""),$I13))))))))) -> #N/A | K13: =IFERROR(VLOOKUP($J13,Players!$D:$E,2,FALSE),VLOOKUP($G13,Players!A:E,5,FALSE)) -> RB
... A1080: 2016 | B1080: Ying Yang Twins | C1080: Julian Podagrasi | D1080: 7 | E1080: 15 | F1080: 171 | G1080: New England | H1080: =TRIM(SUBSTITUTE(LEFT($G1080,(FIND(" ",$G1080,1)-1)),".","")) -> New | I1080: =TRIM(SUBSTITUTE(MID($G1080,FIND(" ",$G1080)+1,256),".","")) -> England | J1080: =TRIM(CONCAT($H1080," ",IF(RIGHT($I1080,2)="FA",SUBSTITUTE($I1080,"FA",""),IF(RIGHT($I1080,2)="Sr",SUBSTITUTE($I1080,"Sr",""),IF(RIGHT($I1080,2)="Jr",SUBSTITUTE($I1080,"Jr",""),IF(RIGHT($I1080,3)="III",SUBSTITUTE($I1080,"III",""),IF(RIGHT($I1080,2)="IV",SUBSTITUTE($I1080,"IV",""),IF(RIGHT($I1080,2)=" V",SUBSTITUTE($I1080," V",""),IF(RIGHT($I1080,3)=" II",SUBSTITUTE($I1080," II",""),$I1080))))))))) -> #N/A | K1080: =IFERROR(VLOOKUP($J1080,Players!$D:$E,2,FALSE),VLOOKUP($G1080,Players!A:E,5,FALSE)) -> DEF

Sheet Players
A1: Player | B1: First | C1: Last | D1: Full | E1: Position
A2: A.C. Leonard | B2: =TRIM(SUBSTITUTE(LEFT($A2,(FIND(" ",$A2,1)-1)),".","")) -> AC | C2: =TRIM(SUBSTITUTE(MID($A2,FIND(" ",$A2)+1,256),".","")) -> Leonard | D2: =TRIM(CONCAT($B2," ",IF(RIGHT($C2,2)="FA",SUBSTITUTE($C2,"FA",""),IF(RIGHT($C2,2)="Sr",SUBSTITUTE($C2,"Sr",""),IF(RIGHT($C2,2)="Jr",SUBSTITUTE($C2,"Jr",""),IF(RIGHT($C2,3)="III",SUBSTITUTE($C2,"III",""),IF(RIGHT($C2,2)="IV",SUBSTITUTE($C2,"IV",""),IF(RIGHT($C2,2)=" V",SUBSTITUTE($C2," V",""),IF(RIGHT($C2,3)=" II",SUBSTITUTE($C2," II",""),$C2))))))))) -> #N/A | E2: TE
A3: A.J. Brown | B3: =TRIM(SUBSTITUTE(LEFT($A3,(FIND(" ",$A3,1)-1)),".","")) -> AJ | C3: =TRIM(SUBSTITUTE(MID($A3,FIND(" ",$A3)+1,256),".","")) -> Brown | D3: =TRIM(CONCAT($B3," ",IF(RIGHT($C3,2)="FA",SUBSTITUTE($C3,"FA",""),IF(RIGHT($C3,2)="Sr",SUBSTITUTE($C3,"Sr",""),IF(RIGHT($C3,2)="Jr",SUBSTITUTE($C3,"Jr",""),IF(RIGHT($C3,3)="III",SUBSTITUTE($C3,"III",""),IF(RIGHT($C3,2)="IV",SUBSTITUTE($C3,"IV",""),IF(RIGHT($C3,2)=" V",SUBSTITUTE($C3," V",""),IF(RIGHT($C3,3)=" II",SUBSTITUTE($C3," II",""),$C3))))))))) -> #N/A | E3: WR
A4: A.J. Derby | B4: =TRIM(SUBSTITUTE(LEFT($A4,(FIND(" ",$A4,1)-1)),".","")) -> AJ | C4: =TRIM(SUBSTITUTE(MID($A4,FIND(" ",$A4)+1,256),".","")) -> Derby | D4: =TRIM(CONCAT($B4," ",IF(RIGHT($C4,2)="FA",SUBSTITUTE($C4,"FA",""),IF(RIGHT($C4,2)="Sr",SUBSTITUTE($C4,"Sr",""),IF(RIGHT($C4,2)="Jr",SUBSTITUTE($C4,"Jr",""),IF(RIGHT($C4,3)="III",SUBSTITUTE($C4,"III",""),IF(RIGHT($C4,2)="IV",SUBSTITUTE($C4,"IV",""),IF(RIGHT($C4,2)=" V",SUBSTITUTE($C4," V",""),IF(RIGHT($C4,3)=" II",SUBSTITUTE($C4," II",""),$C4))))))))) -> #N/A | E4: TE
A5: A.J. Dillon | B5: =TRIM(SUBSTITUTE(LEFT($A5,(FIND(" ",$A5,1)-1)),".","")) -> AJ | C5: =TRIM(SUBSTITUTE(MID($A5,FIND(" ",$A5)+1,256),".","")) -> Dillon | D5: =TRIM(CONCAT($B5," ",IF(RIGHT($C5,2)="FA",SUBSTITUTE($C5,"FA",""),IF(RIGHT($C5,2)="Sr",SUBSTITUTE($C5,"Sr",""),IF(RIGHT($C5,2)="Jr",SUBSTITUTE($C5,"Jr",""),IF(RIGHT($C5,3)="III",SUBSTITUTE($C5,"III",""),IF(RIGHT($C5,2)="IV",SUBSTITUTE($C5,"IV",""),IF(RIGHT($C5,2)=" V",SUBSTITUTE($C5," V",""),IF(RIGHT($C5,3)=" II",SUBSTITUTE($C5," II",""),$C5))))))))) -> #N/A | E5: RB
A6: A.J. Green | B6: =TRIM(SUBSTITUTE(LEFT($A6,(FIND(" ",$A6,1)-1)),".","")) -> AJ | C6: =TRIM(SUBSTITUTE(MID($A6,FIND(" ",$A6)+1,256),".","")) -> Green | D6: =TRIM(CONCAT($B6," ",IF(RIGHT($C6,2)="FA",SUBSTITUTE($C6,"FA",""),IF(RIGHT($C6,2)="Sr",SUBSTITUTE($C6,"Sr",""),IF(RIGHT($C6,2)="Jr",SUBSTITUTE($C6,"Jr",""),IF(RIGHT($C6,3)="III",SUBSTITUTE($C6,"III",""),IF(RIGHT($C6,2)="IV",SUBSTITUTE($C6,"IV",""),IF(RIGHT($C6,2)=" V",SUBSTITUTE($C6," V",""),IF(RIGHT($C6,3)=" II",SUBSTITUTE($C6," II",""),$C6))))))))) -> #N/A | E6: WR
A7: A.J. Jenkins | B7: =TRIM(SUBSTITUTE(LEFT($A7,(FIND(" ",$A7,1)-1)),".","")) -> AJ | C7: =TRIM(SUBSTITUTE(MID($A7,FIND(" ",$A7)+1,256),".","")) -> Jenkins | D7: =TRIM(CONCAT($B7," ",IF(RIGHT($C7,2)="FA",SUBSTITUTE($C7,"FA",""),IF(RIGHT($C7,2)="Sr",SUBSTITUTE($C7,"Sr",""),IF(RIGHT($C7,2)="Jr",SUBSTITUTE($C7,"Jr",""),IF(RIGHT($C7,3)="III",SUBSTITUTE($C7,"III",""),IF(RIGHT($C7,2)="IV",SUBSTITUTE($C7,"IV",""),IF(RIGHT($C7,2)=" V",SUBSTITUTE($C7," V",""),IF(RIGHT($C7,3)=" II",SUBSTITUTE($C7," II",""),$C7))))))))) -> #N/A | E7: WR
A8: A.J. McCarron | B8: =TRIM(SUBSTITUTE(LEFT($A8,(FIND(" ",$A8,1)-1)),".","")) -> AJ | C8: =TRIM(SUBSTITUTE(MID($A8,FIND(" ",$A8)+1,256),".","")) -> McCarron | D8: =TRIM(CONCAT($B8," ",IF(RIGHT($C8,2)="FA",SUBSTITUTE($C8,"FA",""),IF(RIGHT($C8,2)="Sr",SUBSTITUTE($C8,"Sr",""),IF(RIGHT($C8,2)="Jr",SUBSTITUTE($C8,"Jr",""),IF(RIGHT($C8,3)="III",SUBSTITUTE($C8,"III",""),IF(RIGHT($C8,2)="IV",SUBSTITUTE($C8,"IV",""),IF(RIGHT($C8,2)=" V",SUBSTITUTE($C8," V",""),IF(RIGHT($C8,3)=" II",SUBSTITUTE($C8," II",""),$C8))))))))) -> #N/A | E8: QB
A9: A.J. Richardson | B9: =TRIM(SUBSTITUTE(LEFT($A9,(FIND(" ",$A9,1)-1)),".","")) -> AJ | C9: =TRIM(SUBSTITUTE(MID($A9,FIND(" ",$A9)+1,256),".","")) -> Richardson | D9: =TRIM(CONCAT($B9," ",IF(RIGHT($C9,2)="FA",SUBSTITUTE($C9,"FA",""),IF(RIGHT($C9,2)="Sr",SUBSTITUTE($C9,"Sr",""),IF(RIGHT($C9,2)="Jr",SUBSTITUTE($C9,"Jr",""),IF(RIGHT($C9,3)="III",SUBSTITUTE($C9,"III",""),IF(RIGHT($C9,2)="IV",SUBSTITUTE($C9,"IV",""),IF(RIGHT($C9,2)=" V",SUBSTITUTE($C9," V",""),IF(RIGHT($C9,3)=" II",SUBSTITUTE($C9," II",""),$C9))))))))) -> #N/A | E9: WR
A10: A.T. Perry | B10: =TRIM(SUBSTITUTE(LEFT($A10,(FIND(" ",$A10,1)-1)),".","")) -> AT | C10: =TRIM(SUBSTITUTE(MID($A10,FIND(" ",$A10)+1,256),".","")) -> Perry | D10: =TRIM(CONCAT($B10," ",IF(RIGHT($C10,2)="FA",SUBSTITUTE($C10,"FA",""),IF(RIGHT($C10,2)="Sr",SUBSTITUTE($C10,"Sr",""),IF(RIGHT($C10,2)="Jr",SUBSTITUTE($C10,"Jr",""),IF(RIGHT($C10,3)="III",SUBSTITUTE($C10,"III",""),IF(RIGHT($C10,2)="IV",SUBSTITUTE($C10,"IV",""),IF(RIGHT($C10,2)=" V",SUBSTITUTE($C10," V",""),IF(RIGHT($C10,3)=" II",SUBSTITUTE($C10," II",""),$C10))))))))) -> #N/A | E10: WR
A11: Aaron Burbridge | B11: =TRIM(SUBSTITUTE(LEFT($A11,(FIND(" ",$A11,1)-1)),".","")) -> Aaron | C11: =TRIM(SUBSTITUTE(MID($A11,FIND(" ",$A11)+1,256),".","")) -> Burbridge | D11: =TRIM(CONCAT($B11," ",IF(RIGHT($C11,2)="FA",SUBSTITUTE($C11,"FA",""),IF(RIGHT($C11,2)="Sr",SUBSTITUTE($C11,"Sr",""),IF(RIGHT($C11,2)="Jr",SUBSTITUTE($C11,"Jr",""),IF(RIGHT($C11,3)="III",SUBSTITUTE($C11,"III",""),IF(RIGHT($C11,2)="IV",SUBSTITUTE($C11,"IV",""),IF(RIGHT($C11,2)=" V",SUBSTITUTE($C11," V",""),IF(RIGHT($C11,3)=" II",SUBSTITUTE($C11," II",""),$C11))))))))) -> #N/A | E11: WR
A12: Aaron Dobson | B12: =TRIM(SUBSTITUTE(LEFT($A12,(FIND(" ",$A12,1)-1)),".","")) -> Aaron | C12: =TRIM(SUBSTITUTE(MID($A12,FIND(" ",$A12)+1,256),".","")) -> Dobson | D12: =TRIM(CONCAT($B12," ",IF(RIGHT($C12,2)="FA",SUBSTITUTE($C12,"FA",""),IF(RIGHT($C12,2)="Sr",SUBSTITUTE($C12,"Sr",""),IF(RIGHT($C12,2)="Jr",SUBSTITUTE($C12,"Jr",""),IF(RIGHT($C12,3)="III",SUBSTITUTE($C12,"III",""),IF(RIGHT($C12,2)="IV",SUBSTITUTE($C12,"IV",""),IF(RIGHT($C12,2)=" V",SUBSTITUTE($C12," V",""),IF(RIGHT($C12,3)=" II",SUBSTITUTE($C12," II",""),$C12))))))))) -> #N/A | E12: WR
A13: Aaron Dumas | B13: =TRIM(SUBSTITUTE(LEFT($A13,(FIND(" ",$A13,1)-1)),".","")) -> Aaron | C13: =TRIM(SUBSTITUTE(MID($A13,FIND(" ",$A13)+1,256),".","")) -> Dumas | D13: =TRIM(CONCAT($B13," ",IF(RIGHT($C13,2)="FA",SUBSTITUTE($C13,"FA",""),IF(RIGHT($C13,2)="Sr",SUBSTITUTE($C13,"Sr",""),IF(RIGHT($C13,2)="Jr",SUBSTITUTE($C13,"Jr",""),IF(RIGHT($C13,3)="III",SUBSTITUTE($C13,"III",""),IF(RIGHT($C13,2)="IV",SUBSTITUTE($C13,"IV",""),IF(RIGHT($C13,2)=" V",SUBSTITUTE($C13," V",""),IF(RIGHT($C13,3)=" II",SUBSTITUTE($C13," II",""),$C13))))))))) -> #N/A | E13: RB
... A2986: Zurlon Tipton | B2986: =TRIM(SUBSTITUTE(LEFT($A2986,(FIND(" ",$A2986,1)-1)),".","")) -> Zurlon | C2986: =TRIM(SUBSTITUTE(MID($A2986,FIND(" ",$A2986)+1,256),".","")) -> Tipton | D2986: =TRIM(CONCAT($B2986," ",IF(RIGHT($C2986,2)="FA",SUBSTITUTE($C2986,"FA",""),IF(RIGHT($C2986,2)="Sr",SUBSTITUTE($C2986,"Sr",""),IF(RIGHT($C2986,2)="Jr",SUBSTITUTE($C2986,"Jr",""),IF(RIGHT($C2986,3)="III",SUBSTITUTE($C2986,"III",""),IF(RIGHT($C2986,2)="IV",SUBSTITUTE($C2986,"IV",""),IF(RIGHT($C2986,2)=" V",SUBSTITUTE($C2986," V",""),IF(RIGHT($C2986,3)=" II",SUBSTITUTE($C2986," II",""),$C2986))))))))) -> #N/A | E2986: RB

Sheet Sheet6
